<?xml version="1.0" ?>
<questestinterop>
  <assessment title="Quiz title" ident="assessment_3c4f3c9f-b544-4ace-b041-c9bc9296c2e8">
    <section ident="root_section">
      <item ident="question_c81a50c5-3ee8-4672-beec-2b2ff8281178" title="What is 2+2?">
        <itemmetadata>
          <qtimetadata>
            <qtimetadatafield>
              <fieldlabel>question_type</fieldlabel>
              <fieldentry>multiple_choice_question</fieldentry>
            </qtimetadatafield>
            <qtimetadatafield>
              <fieldlabel>points_possible</fieldlabel>
              <fieldentry>1.0</fieldentry>
            </qtimetadatafield>
          </qtimetadata>
        </itemmetadata>
        <presentation>
          <material>
            <mattext>What is 2+2?</mattext>
          </material>
          <response_lid ident="response1" rcardinality="Single">
            <render_choice>
              <response_label ident="1">
                <material>
                  <mattext>4</mattext>
                </material>
              </response_label>
              <response_label ident="2">
                <material>
                  <mattext>5</mattext>
                </material>
              </response_label>
              <response_label ident="3">
                <material>
                  <mattext>6</mattext>
                </material>
              </response_label>
              <response_label ident="4">
                <material>
                  <mattext>7</mattext>
                </material>
              </response_label>
            </render_choice>
          </response_lid>
        </presentation>
        <resprocessing>
          <outcomes>
            <decvar maxvalue="1.0" minvalue="0" varname="SCORE" vartype="Decimal"/>
          </outcomes>
          <respcondition>
            <conditionvar>
              <varequal respident="response1">1</varequal>
            </conditionvar>
            <setvar varname="SCORE" action="Set">1.0</setvar>
          </respcondition>
        </resprocessing>
      </item>
      <item ident="question_4b4e9371-abd1-42ec-9a7c-554167bcbad1" title="The sky is blue">
        <itemmetadata>
          <qtimetadata>
            <qtimetadatafield>
              <fieldlabel>question_type</fieldlabel>
              <fieldentry>multiple_choice_question</fieldentry>
            </qtimetadatafield>
            <qtimetadatafield>
              <fieldlabel>points_possible</fieldlabel>
              <fieldentry>1.0</fieldentry>
            </qtimetadatafield>
          </qtimetadata>
        </itemmetadata>
        <presentation>
          <material>
            <mattext>The sky is blue</mattext>
          </material>
          <response_lid ident="response1" rcardinality="Single">
            <render_choice>
              <response_label ident="1">
                <material>
                  <mattext>True</mattext>
                </material>
              </response_label>
              <response_label ident="2">
                <material>
                  <mattext>False</mattext>
                </material>
              </response_label>
            </render_choice>
          </response_lid>
        </presentation>
        <resprocessing>
          <outcomes>
            <decvar maxvalue="1.0" minvalue="0" varname="SCORE" vartype="Decimal"/>
          </outcomes>
          <respcondition>
            <conditionvar>
              <varequal respident="response1">1</varequal>
            </conditionvar>
            <setvar varname="SCORE" action="Set">1.0</setvar>
          </respcondition>
        </resprocessing>
      </item>
      <item ident="question_e7c4cf6c-8e66-409f-9459-b5345b51486a" title="Select all prime numbers">
        <itemmetadata>
          <qtimetadata>
            <qtimetadatafield>
              <fieldlabel>question_type</fieldlabel>
              <fieldentry>multiple_answers_question</fieldentry>
            </qtimetadatafield>
            <qtimetadatafield>
              <fieldlabel>points_possible</fieldlabel>
              <fieldentry>1.0</fieldentry>
            </qtimetadatafield>
          </qtimetadata>
        </itemmetadata>
        <presentation>
          <material>
            <mattext>Select all prime numbers</mattext>
          </material>
          <response_lid ident="response1" rcardinality="Multiple">
            <render_choice>
              <response_label ident="1">
                <material>
                  <mattext>2</mattext>
                </material>
              </response_label>
              <response_label ident="2">
                <material>
                  <mattext>3</mattext>
                </material>
              </response_label>
              <response_label ident="3">
                <material>
                  <mattext>2</mattext>
                </material>
              </response_label>
              <response_label ident="4">
                <material>
                  <mattext>3</mattext>
                </material>
              </response_label>
              <response_label ident="5">
                <material>
                  <mattext>4</mattext>
                </material>
              </response_label>
              <response_label ident="6">
                <material>
                  <mattext>5</mattext>
                </material>
              </response_label>
              <response_label ident="7">
                <material>
                  <mattext>6</mattext>
                </material>
              </response_label>
            </render_choice>
          </response_lid>
        </presentation>
        <resprocessing>
          <outcomes>
            <decvar maxvalue="1.0" minvalue="0" varname="SCORE" vartype="Decimal"/>
          </outcomes>
          <respcondition>
            <conditionvar>
              <varequal respident="response1">1</varequal>
            </conditionvar>
            <setvar varname="SCORE" action="Set">1.0</setvar>
          </respcondition>
        </resprocessing>
      </item>
      <item ident="question_1956edd4-07b8-4786-9afa-9cf4c2b32e75" title="The capital of France is ___">
        <itemmetadata>
          <qtimetadata>
            <qtimetadatafield>
              <fieldlabel>question_type</fieldlabel>
              <fieldentry>fill_in_the_blank_question</fieldentry>
            </qtimetadatafield>
            <qtimetadatafield>
              <fieldlabel>points_possible</fieldlabel>
              <fieldentry>1.0</fieldentry>
            </qtimetadatafield>
          </qtimetadata>
        </itemmetadata>
        <presentation>
          <material>
            <mattext>The capital of France is ___</mattext>
          </material>
          <response_str ident="response1" rcardinality="Single">
            <render_fib rows="1" columns="30"/>
          </response_str>
        </presentation>
        <resprocessing>
          <outcomes>
            <decvar maxvalue="1.0" minvalue="0" varname="SCORE" vartype="Decimal"/>
          </outcomes>
          <respcondition>
            <conditionvar>
              <varequal respident="response1" case="no">Paris</varequal>
            </conditionvar>
            <setvar varname="SCORE" action="Set">1.0</setvar>
          </respcondition>
        </resprocessing>
      </item>
      <item ident="question_c5c1926b-e790-4daa-8f53-2453ee386256" title="Match the capitals">
        <itemmetadata>
          <qtimetadata>
            <qtimetadatafield>
              <fieldlabel>question_type</fieldlabel>
              <fieldentry>matching_question</fieldentry>
            </qtimetadatafield>
            <qtimetadatafield>
              <fieldlabel>points_possible</fieldlabel>
              <fieldentry>1.0</fieldentry>
            </qtimetadatafield>
          </qtimetadata>
        </itemmetadata>
        <presentation>
          <material>
            <mattext>Match the capitals</mattext>
          </material>
          <response_lid ident="response_1">
            <material>
              <mattext>France</mattext>
            </material>
            <render_choice>
              <response_label ident="1">
                <material>
                  <mattext>Paris</mattext>
                </material>
              </response_label>
              <response_label ident="2">
                <material>
                  <mattext>Madrid</mattext>
                </material>
              </response_label>
            </render_choice>
          </response_lid>
          <response_lid ident="response_2">
            <material>
              <mattext>Spain</mattext>
            </material>
            <render_choice>
              <response_label ident="1">
                <material>
                  <mattext>Paris</mattext>
                </material>
              </response_label>
              <response_label ident="2">
                <material>
                  <mattext>Madrid</mattext>
                </material>
              </response_label>
            </render_choice>
          </response_lid>
        </presentation>
        <resprocessing>
          <outcomes>
            <decvar maxvalue="1.0" minvalue="0" varname="SCORE" vartype="Decimal"/>
          </outcomes>
          <respcondition>
            <conditionvar>
              <varequal respident="response_1">1</varequal>
            </conditionvar>
            <setvar varname="SCORE" action="Set">0.5</setvar>
          </respcondition>
          <respcondition>
            <conditionvar>
              <varequal respident="response_2">2</varequal>
            </conditionvar>
            <setvar varname="SCORE" action="Set">0.5</setvar>
          </respcondition>
        </resprocessing>
      </item>
      <item ident="question_bd89eaa9-8afd-447f-b3e8-b6c284143758" title="What is 5+5?">
        <itemmetadata>
          <qtimetadata>
            <qtimetadatafield>
              <fieldlabel>question_type</fieldlabel>
              <fieldentry>numerical_question</fieldentry>
            </qtimetadatafield>
            <qtimetadatafield>
              <fieldlabel>points_possible</fieldlabel>
              <fieldentry>1.0</fieldentry>
            </qtimetadatafield>
          </qtimetadata>
        </itemmetadata>
        <presentation>
          <material>
            <mattext>What is 5+5?</mattext>
          </material>
          <response_str ident="response1" rcardinality="Single">
            <render_fib rows="1" columns="10"/>
          </response_str>
        </presentation>
        <resprocessing>
          <outcomes>
            <decvar maxvalue="1.0" minvalue="0" varname="SCORE" vartype="Decimal"/>
          </outcomes>
          <respcondition>
            <conditionvar>
              <varequal respident="response1">10.0</varequal>
            </conditionvar>
            <setvar varname="SCORE" action="Set">1.0</setvar>
          </respcondition>
        </resprocessing>
      </item>
      <item ident="question_b161fbdc-9a6d-4893-9ad4-09bbc9ff4a12" title="Explain the water cycle">
        <itemmetadata>
          <qtimetadata>
            <qtimetadatafield>
              <fieldlabel>question_type</fieldlabel>
              <fieldentry>essay_question</fieldentry>
            </qtimetadatafield>
            <qtimetadatafield>
              <fieldlabel>points_possible</fieldlabel>
              <fieldentry>1.0</fieldentry>
            </qtimetadatafield>
          </qtimetadata>
        </itemmetadata>
        <presentation>
          <material>
            <mattext>Explain the water cycle</mattext>
          </material>
          <response_str ident="response1" rcardinality="Single">
            <render_fib rows="5" columns="40"/>
          </response_str>
        </presentation>
      </item>
      <item ident="question_f91245a7-98b1-4124-8ceb-53c95314c91b" title="Upload your essay">
        <itemmetadata>
          <qtimetadata>
            <qtimetadatafield>
              <fieldlabel>question_type</fieldlabel>
              <fieldentry>file_upload_question</fieldentry>
            </qtimetadatafield>
            <qtimetadatafield>
              <fieldlabel>points_possible</fieldlabel>
              <fieldentry>1.0</fieldentry>
            </qtimetadatafield>
          </qtimetadata>
        </itemmetadata>
        <presentation>
          <material>
            <mattext>Upload your essay</mattext>
          </material>
          <response_str ident="response1" rcardinality="Single"/>
        </presentation>
      </item>
    </section>
  </assessment>
</questestinterop>
